<?xml version="1.0" encoding="UTF-8"?>
<!DOCTYPE mapper PUBLIC "-//mybatis.org//DTD Mapper 3.0//EN" "http://mybatis.org/dtd/mybatis-3-mapper.dtd">
<mapper namespace="io.rackshift.mybatis.mapper.ExecutionLogDetailsMapper">
  <resultMap id="BaseResultMap" type="io.rackshift.mybatis.domain.ExecutionLogDetails">
    <id column="id" jdbcType="VARCHAR" property="id" />
    <result column="user" jdbcType="VARCHAR" property="user" />
    <result column="operation" jdbcType="VARCHAR" property="operation" />
    <result column="log_id" jdbcType="VARCHAR" property="logId" />
    <result column="bare_metal_id" jdbcType="VARCHAR" property="bareMetalId" />
    <result column="status" jdbcType="VARCHAR" property="status" />
    <result column="create_time" jdbcType="BIGINT" property="createTime" />
  </resultMap>
  <resultMap extends="BaseResultMap" id="ResultMapWithBLOBs" type="io.rackshift.mybatis.domain.ExecutionLogDetails">
    <result column="out_put" jdbcType="LONGVARCHAR" property="outPut" />
  </resultMap>
  <sql id="Example_Where_Clause">
    <where>
      <foreach collection="oredCriteria" item="criteria" separator="or">
        <if test="criteria.valid">
          <trim prefix="(" prefixOverrides="and" suffix=")">
            <foreach collection="criteria.criteria" item="criterion">
              <choose>
                <when test="criterion.noValue">
                  and ${criterion.condition}
                </when>
                <when test="criterion.singleValue">
                  and ${criterion.condition} #{criterion.value}
                </when>
                <when test="criterion.betweenValue">
                  and ${criterion.condition} #{criterion.value} and #{criterion.secondValue}
                </when>
                <when test="criterion.listValue">
                  and ${criterion.condition}
                  <foreach close=")" collection="criterion.value" item="listItem" open="(" separator=",">
                    #{listItem}
                  </foreach>
                </when>
              </choose>
            </foreach>
          </trim>
        </if>
      </foreach>
    </where>
  </sql>
  <sql id="Update_By_Example_Where_Clause">
    <where>
      <foreach collection="example.oredCriteria" item="criteria" separator="or">
        <if test="criteria.valid">
          <trim prefix="(" prefixOverrides="and" suffix=")">
            <foreach collection="criteria.criteria" item="criterion">
              <choose>
                <when test="criterion.noValue">
                  and ${criterion.condition}
                </when>
                <when test="criterion.singleValue">
                  and ${criterion.condition} #{criterion.value}
                </when>
                <when test="criterion.betweenValue">
                  and ${criterion.condition} #{criterion.value} and #{criterion.secondValue}
                </when>
                <when test="criterion.listValue">
                  and ${criterion.condition}
                  <foreach close=")" collection="criterion.value" item="listItem" open="(" separator=",">
                    #{listItem}
                  </foreach>
                </when>
              </choose>
            </foreach>
          </trim>
        </if>
      </foreach>
    </where>
  </sql>
  <sql id="Base_Column_List">
    id, user, operation, log_id, bare_metal_id, status, create_time
  </sql>
  <sql id="Blob_Column_List">
    out_put
  </sql>
  <select id="selectByExampleWithBLOBs" parameterType="io.rackshift.mybatis.domain.ExecutionLogDetailsExample" resultMap="ResultMapWithBLOBs">
    select
    <if test="distinct">
      distinct
    </if>
    <include refid="Base_Column_List" />
    ,
    <include refid="Blob_Column_List" />
    from execution_log_details
    <if test="_parameter != null">
      <include refid="Example_Where_Clause" />
    </if>
    <if test="orderByClause != null">
      order by ${orderByClause}
    </if>
  </select>
  <select id="selectByExample" parameterType="io.rackshift.mybatis.domain.ExecutionLogDetailsExample" resultMap="BaseResultMap">
    select
    <if test="distinct">
      distinct
    </if>
    <include refid="Base_Column_List" />
    from execution_log_details
    <if test="_parameter != null">
      <include refid="Example_Where_Clause" />
    </if>
    <if test="orderByClause != null">
      order by ${orderByClause}
    </if>
  </select>
  <select id="selectByPrimaryKey" parameterType="java.lang.String" resultMap="ResultMapWithBLOBs">
    select 
    <include refid="Base_Column_List" />
    ,
    <include refid="Blob_Column_List" />
    from execution_log_details
    where id = #{id,jdbcType=VARCHAR}
  </select>
  <delete id="deleteByPrimaryKey" parameterType="java.lang.String">
    delete from execution_log_details
    where id = #{id,jdbcType=VARCHAR}
  </delete>
  <delete id="deleteByExample" parameterType="io.rackshift.mybatis.domain.ExecutionLogDetailsExample">
    delete from execution_log_details
    <if test="_parameter != null">
      <include refid="Example_Where_Clause" />
    </if>
  </delete>
  <insert id="insert" parameterType="io.rackshift.mybatis.domain.ExecutionLogDetails">
    insert into execution_log_details (id, user, operation, 
      log_id, bare_metal_id, status, 
      create_time, out_put)
    values (#{id,jdbcType=VARCHAR}, #{user,jdbcType=VARCHAR}, #{operation,jdbcType=VARCHAR}, 
      #{logId,jdbcType=VARCHAR}, #{bareMetalId,jdbcType=VARCHAR}, #{status,jdbcType=VARCHAR}, 
      #{createTime,jdbcType=BIGINT}, #{outPut,jdbcType=LONGVARCHAR})
  </insert>
  <insert id="insertSelective" parameterType="io.rackshift.mybatis.domain.ExecutionLogDetails">
    insert into execution_log_details
    <trim prefix="(" suffix=")" suffixOverrides=",">
      <if test="id != null">
        id,
      </if>
      <if test="user != null">
        user,
      </if>
      <if test="operation != null">
        operation,
      </if>
      <if test="logId != null">
        log_id,
      </if>
      <if test="bareMetalId != null">
        bare_metal_id,
      </if>
      <if test="status != null">
        status,
      </if>
      <if test="createTime != null">
        create_time,
      </if>
      <if test="outPut != null">
        out_put,
      </if>
    </trim>
    <trim prefix="values (" suffix=")" suffixOverrides=",">
      <if test="id != null">
        #{id,jdbcType=VARCHAR},
      </if>
      <if test="user != null">
        #{user,jdbcType=VARCHAR},
      </if>
      <if test="operation != null">
        #{operation,jdbcType=VARCHAR},
      </if>
      <if test="logId != null">
        #{logId,jdbcType=VARCHAR},
      </if>
      <if test="bareMetalId != null">
        #{bareMetalId,jdbcType=VARCHAR},
      </if>
      <if test="status != null">
        #{status,jdbcType=VARCHAR},
      </if>
      <if test="createTime != null">
        #{createTime,jdbcType=BIGINT},
      </if>
      <if test="outPut != null">
        #{outPut,jdbcType=LONGVARCHAR},
      </if>
    </trim>
  </insert>
  <select id="countByExample" parameterType="io.rackshift.mybatis.domain.ExecutionLogDetailsExample" resultType="java.lang.Long">
    select count(*) from execution_log_details
    <if test="_parameter != null">
      <include refid="Example_Where_Clause" />
    </if>
  </select>
  <update id="updateByExampleSelective" parameterType="map">
    update execution_log_details
    <set>
      <if test="record.id != null">
        id = #{record.id,jdbcType=VARCHAR},
      </if>
      <if test="record.user != null">
        user = #{record.user,jdbcType=VARCHAR},
      </if>
      <if test="record.operation != null">
        operation = #{record.operation,jdbcType=VARCHAR},
      </if>
      <if test="record.logId != null">
        log_id = #{record.logId,jdbcType=VARCHAR},
      </if>
      <if test="record.bareMetalId != null">
        bare_metal_id = #{record.bareMetalId,jdbcType=VARCHAR},
      </if>
      <if test="record.status != null">
        status = #{record.status,jdbcType=VARCHAR},
      </if>
      <if test="record.createTime != null">
        create_time = #{record.createTime,jdbcType=BIGINT},
      </if>
      <if test="record.outPut != null">
        out_put = #{record.outPut,jdbcType=LONGVARCHAR},
      </if>
    </set>
    <if test="_parameter != null">
      <include refid="Update_By_Example_Where_Clause" />
    </if>
  </update>
  <update id="updateByExampleWithBLOBs" parameterType="map">
    update execution_log_details
    set id = #{record.id,jdbcType=VARCHAR},
      user = #{record.user,jdbcType=VARCHAR},
      operation = #{record.operation,jdbcType=VARCHAR},
      log_id = #{record.logId,jdbcType=VARCHAR},
      bare_metal_id = #{record.bareMetalId,jdbcType=VARCHAR},
      status = #{record.status,jdbcType=VARCHAR},
      create_time = #{record.createTime,jdbcType=BIGINT},
      out_put = #{record.outPut,jdbcType=LONGVARCHAR}
    <if test="_parameter != null">
      <include refid="Update_By_Example_Where_Clause" />
    </if>
  </update>
  <update id="updateByExample" parameterType="map">
    update execution_log_details
    set id = #{record.id,jdbcType=VARCHAR},
      user = #{record.user,jdbcType=VARCHAR},
      operation = #{record.operation,jdbcType=VARCHAR},
      log_id = #{record.logId,jdbcType=VARCHAR},
      bare_metal_id = #{record.bareMetalId,jdbcType=VARCHAR},
      status = #{record.status,jdbcType=VARCHAR},
      create_time = #{record.createTime,jdbcType=BIGINT}
    <if test="_parameter != null">
      <include refid="Update_By_Example_Where_Clause" />
    </if>
  </update>
  <update id="updateByPrimaryKeySelective" parameterType="io.rackshift.mybatis.domain.ExecutionLogDetails">
    update execution_log_details
    <set>
      <if test="user != null">
        user = #{user,jdbcType=VARCHAR},
      </if>
      <if test="operation != null">
        operation = #{operation,jdbcType=VARCHAR},
      </if>
      <if test="logId != null">
        log_id = #{logId,jdbcType=VARCHAR},
      </if>
      <if test="bareMetalId != null">
        bare_metal_id = #{bareMetalId,jdbcType=VARCHAR},
      </if>
      <if test="status != null">
        status = #{status,jdbcType=VARCHAR},
      </if>
      <if test="createTime != null">
        create_time = #{createTime,jdbcType=BIGINT},
      </if>
      <if test="outPut != null">
        out_put = #{outPut,jdbcType=LONGVARCHAR},
      </if>
    </set>
    where id = #{id,jdbcType=VARCHAR}
  </update>
  <update id="updateByPrimaryKeyWithBLOBs" parameterType="io.rackshift.mybatis.domain.ExecutionLogDetails">
    update execution_log_details
    set user = #{user,jdbcType=VARCHAR},
      operation = #{operation,jdbcType=VARCHAR},
      log_id = #{logId,jdbcType=VARCHAR},
      bare_metal_id = #{bareMetalId,jdbcType=VARCHAR},
      status = #{status,jdbcType=VARCHAR},
      create_time = #{createTime,jdbcType=BIGINT},
      out_put = #{outPut,jdbcType=LONGVARCHAR}
    where id = #{id,jdbcType=VARCHAR}
  </update>
  <update id="updateByPrimaryKey" parameterType="io.rackshift.mybatis.domain.ExecutionLogDetails">
    update execution_log_details
    set user = #{user,jdbcType=VARCHAR},
      operation = #{operation,jdbcType=VARCHAR},
      log_id = #{logId,jdbcType=VARCHAR},
      bare_metal_id = #{bareMetalId,jdbcType=VARCHAR},
      status = #{status,jdbcType=VARCHAR},
      create_time = #{createTime,jdbcType=BIGINT}
    where id = #{id,jdbcType=VARCHAR}
  </update>
</mapper>