<?xml version="1.0" encoding="UTF-8"?>
<!DOCTYPE mapper PUBLIC "-//mybatis.org//DTD Mapper 3.0//EN" "http://mybatis.org/dtd/mybatis-3-mapper.dtd">
<mapper namespace="io.rackshift.mybatis.mapper.ImageMapper">
  <resultMap id="BaseResultMap" type="io.rackshift.mybatis.domain.Image">
    <id column="id" jdbcType="VARCHAR" property="id" />
    <result column="name" jdbcType="VARCHAR" property="name" />
    <result column="os" jdbcType="VARCHAR" property="os" />
    <result column="os_version" jdbcType="VARCHAR" property="osVersion" />
    <result column="url" jdbcType="VARCHAR" property="url" />
    <result column="update_time" jdbcType="BIGINT" property="updateTime" />
  </resultMap>
  <resultMap extends="BaseResultMap" id="ResultMapWithBLOBs" type="io.rackshift.mybatis.domain.Image">
    <result column="ext_properties" jdbcType="LONGVARCHAR" property="extProperties" />
  </resultMap>
  <sql id="Example_Where_Clause">
    <where>
      <foreach collection="oredCriteria" item="criteria" separator="or">
        <if test="criteria.valid">
          <trim prefix="(" prefixOverrides="and" suffix=")">
            <foreach collection="criteria.criteria" item="criterion">
              <choose>
                <when test="criterion.noValue">
                  and ${criterion.condition}
                </when>
                <when test="criterion.singleValue">
                  and ${criterion.condition} #{criterion.value}
                </when>
                <when test="criterion.betweenValue">
                  and ${criterion.condition} #{criterion.value} and #{criterion.secondValue}
                </when>
                <when test="criterion.listValue">
                  and ${criterion.condition}
                  <foreach close=")" collection="criterion.value" item="listItem" open="(" separator=",">
                    #{listItem}
                  </foreach>
                </when>
              </choose>
            </foreach>
          </trim>
        </if>
      </foreach>
    </where>
  </sql>
  <sql id="Update_By_Example_Where_Clause">
    <where>
      <foreach collection="example.oredCriteria" item="criteria" separator="or">
        <if test="criteria.valid">
          <trim prefix="(" prefixOverrides="and" suffix=")">
            <foreach collection="criteria.criteria" item="criterion">
              <choose>
                <when test="criterion.noValue">
                  and ${criterion.condition}
                </when>
                <when test="criterion.singleValue">
                  and ${criterion.condition} #{criterion.value}
                </when>
                <when test="criterion.betweenValue">
                  and ${criterion.condition} #{criterion.value} and #{criterion.secondValue}
                </when>
                <when test="criterion.listValue">
                  and ${criterion.condition}
                  <foreach close=")" collection="criterion.value" item="listItem" open="(" separator=",">
                    #{listItem}
                  </foreach>
                </when>
              </choose>
            </foreach>
          </trim>
        </if>
      </foreach>
    </where>
  </sql>
  <sql id="Base_Column_List">
    id, name, os, os_version, url, update_time
  </sql>
  <sql id="Blob_Column_List">
    ext_properties
  </sql>
  <select id="selectByExampleWithBLOBs" parameterType="io.rackshift.mybatis.domain.ImageExample" resultMap="ResultMapWithBLOBs">
    select
    <if test="distinct">
      distinct
    </if>
    <include refid="Base_Column_List" />
    ,
    <include refid="Blob_Column_List" />
    from image
    <if test="_parameter != null">
      <include refid="Example_Where_Clause" />
    </if>
    <if test="orderByClause != null">
      order by ${orderByClause}
    </if>
  </select>
  <select id="selectByExample" parameterType="io.rackshift.mybatis.domain.ImageExample" resultMap="BaseResultMap">
    select
    <if test="distinct">
      distinct
    </if>
    <include refid="Base_Column_List" />
    from image
    <if test="_parameter != null">
      <include refid="Example_Where_Clause" />
    </if>
    <if test="orderByClause != null">
      order by ${orderByClause}
    </if>
  </select>
  <select id="selectByPrimaryKey" parameterType="java.lang.String" resultMap="ResultMapWithBLOBs">
    select 
    <include refid="Base_Column_List" />
    ,
    <include refid="Blob_Column_List" />
    from image
    where id = #{id,jdbcType=VARCHAR}
  </select>
  <delete id="deleteByPrimaryKey" parameterType="java.lang.String">
    delete from image
    where id = #{id,jdbcType=VARCHAR}
  </delete>
  <delete id="deleteByExample" parameterType="io.rackshift.mybatis.domain.ImageExample">
    delete from image
    <if test="_parameter != null">
      <include refid="Example_Where_Clause" />
    </if>
  </delete>
  <insert id="insert" parameterType="io.rackshift.mybatis.domain.Image">
    insert into image (id, name, os, 
      os_version, url, update_time, 
      ext_properties)
    values (#{id,jdbcType=VARCHAR}, #{name,jdbcType=VARCHAR}, #{os,jdbcType=VARCHAR}, 
      #{osVersion,jdbcType=VARCHAR}, #{url,jdbcType=VARCHAR}, #{updateTime,jdbcType=BIGINT}, 
      #{extProperties,jdbcType=LONGVARCHAR})
  </insert>
  <insert id="insertSelective" parameterType="io.rackshift.mybatis.domain.Image">
    insert into image
    <trim prefix="(" suffix=")" suffixOverrides=",">
      <if test="id != null">
        id,
      </if>
      <if test="name != null">
        name,
      </if>
      <if test="os != null">
        os,
      </if>
      <if test="osVersion != null">
        os_version,
      </if>
      <if test="url != null">
        url,
      </if>
      <if test="updateTime != null">
        update_time,
      </if>
      <if test="extProperties != null">
        ext_properties,
      </if>
    </trim>
    <trim prefix="values (" suffix=")" suffixOverrides=",">
      <if test="id != null">
        #{id,jdbcType=VARCHAR},
      </if>
      <if test="name != null">
        #{name,jdbcType=VARCHAR},
      </if>
      <if test="os != null">
        #{os,jdbcType=VARCHAR},
      </if>
      <if test="osVersion != null">
        #{osVersion,jdbcType=VARCHAR},
      </if>
      <if test="url != null">
        #{url,jdbcType=VARCHAR},
      </if>
      <if test="updateTime != null">
        #{updateTime,jdbcType=BIGINT},
      </if>
      <if test="extProperties != null">
        #{extProperties,jdbcType=LONGVARCHAR},
      </if>
    </trim>
  </insert>
  <select id="countByExample" parameterType="io.rackshift.mybatis.domain.ImageExample" resultType="java.lang.Long">
    select count(*) from image
    <if test="_parameter != null">
      <include refid="Example_Where_Clause" />
    </if>
  </select>
  <update id="updateByExampleSelective" parameterType="map">
    update image
    <set>
      <if test="record.id != null">
        id = #{record.id,jdbcType=VARCHAR},
      </if>
      <if test="record.name != null">
        name = #{record.name,jdbcType=VARCHAR},
      </if>
      <if test="record.os != null">
        os = #{record.os,jdbcType=VARCHAR},
      </if>
      <if test="record.osVersion != null">
        os_version = #{record.osVersion,jdbcType=VARCHAR},
      </if>
      <if test="record.url != null">
        url = #{record.url,jdbcType=VARCHAR},
      </if>
      <if test="record.updateTime != null">
        update_time = #{record.updateTime,jdbcType=BIGINT},
      </if>
      <if test="record.extProperties != null">
        ext_properties = #{record.extProperties,jdbcType=LONGVARCHAR},
      </if>
    </set>
    <if test="_parameter != null">
      <include refid="Update_By_Example_Where_Clause" />
    </if>
  </update>
  <update id="updateByExampleWithBLOBs" parameterType="map">
    update image
    set id = #{record.id,jdbcType=VARCHAR},
      name = #{record.name,jdbcType=VARCHAR},
      os = #{record.os,jdbcType=VARCHAR},
      os_version = #{record.osVersion,jdbcType=VARCHAR},
      url = #{record.url,jdbcType=VARCHAR},
      update_time = #{record.updateTime,jdbcType=BIGINT},
      ext_properties = #{record.extProperties,jdbcType=LONGVARCHAR}
    <if test="_parameter != null">
      <include refid="Update_By_Example_Where_Clause" />
    </if>
  </update>
  <update id="updateByExample" parameterType="map">
    update image
    set id = #{record.id,jdbcType=VARCHAR},
      name = #{record.name,jdbcType=VARCHAR},
      os = #{record.os,jdbcType=VARCHAR},
      os_version = #{record.osVersion,jdbcType=VARCHAR},
      url = #{record.url,jdbcType=VARCHAR},
      update_time = #{record.updateTime,jdbcType=BIGINT}
    <if test="_parameter != null">
      <include refid="Update_By_Example_Where_Clause" />
    </if>
  </update>
  <update id="updateByPrimaryKeySelective" parameterType="io.rackshift.mybatis.domain.Image">
    update image
    <set>
      <if test="name != null">
        name = #{name,jdbcType=VARCHAR},
      </if>
      <if test="os != null">
        os = #{os,jdbcType=VARCHAR},
      </if>
      <if test="osVersion != null">
        os_version = #{osVersion,jdbcType=VARCHAR},
      </if>
      <if test="url != null">
        url = #{url,jdbcType=VARCHAR},
      </if>
      <if test="updateTime != null">
        update_time = #{updateTime,jdbcType=BIGINT},
      </if>
      <if test="extProperties != null">
        ext_properties = #{extProperties,jdbcType=LONGVARCHAR},
      </if>
    </set>
    where id = #{id,jdbcType=VARCHAR}
  </update>
  <update id="updateByPrimaryKeyWithBLOBs" parameterType="io.rackshift.mybatis.domain.Image">
    update image
    set name = #{name,jdbcType=VARCHAR},
      os = #{os,jdbcType=VARCHAR},
      os_version = #{osVersion,jdbcType=VARCHAR},
      url = #{url,jdbcType=VARCHAR},
      update_time = #{updateTime,jdbcType=BIGINT},
      ext_properties = #{extProperties,jdbcType=LONGVARCHAR}
    where id = #{id,jdbcType=VARCHAR}
  </update>
  <update id="updateByPrimaryKey" parameterType="io.rackshift.mybatis.domain.Image">
    update image
    set name = #{name,jdbcType=VARCHAR},
      os = #{os,jdbcType=VARCHAR},
      os_version = #{osVersion,jdbcType=VARCHAR},
      url = #{url,jdbcType=VARCHAR},
      update_time = #{updateTime,jdbcType=BIGINT}
    where id = #{id,jdbcType=VARCHAR}
  </update>
</mapper>