{
    "copyright": "Copyright 2016, EMC, Inc.",
    "definitions": {
        "BackupFile": {
            "description": "The name of file which will be transfered back to RackHD as backup",
            "type": "string",
            "minLength": 1
        }
    },
    "allOf": [
        { "$ref": "firmware-update.json" },
        {
            "type": "object",
            "properties": {
                "backupFile": {
                    "$ref": "#/definitions/BackupFile"
                }
            },
            "required": ["backupFile"]
        }
    ]
}
