{
    "copyright": "Copyright 2016, EMC, Inc.",
    "definitions": {
        "IgnitionScriptUri": {
            "description": "The URI used to download the CoreOS Ignition configuration file",
            "type": "string",
            "pattern": "^https?://"
        }
    },
    "properties": {
        "osType": {
            "$ref": "types-installos.json#/definitions/OsType",
            "readonly": true
        },
        "version": {
            "$ref": "types-installos.json#/definitions/Version"
        },
        "repo": {
            "$ref": "types-installos.json#/definitions/Repo"
        },
        "hostname": {
            "$ref": "types-installos.json#/definitions/Hostname"
        },
        "installDisk": {
            "$ref": "types-installos.json#/definitions/InstallDisk"
        },
        "profile": {
            "$ref": "types-installos.json#/definitions/Profile"
        },
        "installScript": {
            "$ref": "types-installos.json#/definitions/InstallScript"
        },
        "installScriptUri": {
            "$ref": "types-installos.json#/definitions/InstallScriptUri"
        },
        "comport": {
            "$ref": "types-installos.json#/definitions/Comport"
        },
        "rootPassword": {
            "$ref": "types-installos.json#/definitions/UserPassword"
        },
        "ignitionScriptUri": {
            "$ref": "#/definitions/IgnitionScriptUri"
        },
        "progressMilestones": {
            "$ref": "types-installos.json#/definitions/ProgressMilestones"
        },
        "vaultToken": {
            "$ref": "types-installos.json#/definitions/VaultToken"
        },
        "grubLinuxAppend": {
            "$ref": "types-installos.json#/definitions/GrubLinuxAppend"
        }
    },
    "required": ["osType", "version", "repo", "profile", "installScript",
        "installScriptUri", "comport", "rootPassword", "hostname"]
}
