{
  "id": "bc-template-dell_raid",
  "description": "The default proposal for the raid barclamp",
  "attributes": {
    "dell_raid": {
	  "enable": true,
	  "debug": false
	 }
  },
  "deployment": {
    "dell_raid": {
      "crowbar-revision": 0,
      "crowbar-applied": false,
      "elements": {},
      "element_states": {
        "raid-setboot-disk-first": [ "installed" ],
        "raid-setboot-nic-first": [ "hardware-installing" ],
        "raid-configure": [ "hardware-installing" ],
        "discover-raid": [ "discovering" ]
      },
      "element_run_list_order": {
        "raid-setboot-nic-first": 16,
        "discover-raid": 18,
        "raid-configure": 18,
        "raid-setboot-disk-first": 19
      },
      "element_order": [
        [ "raid-configure"  ]
      ],
      "config": {
        "environment": "raid-base-config",
        "mode": "full",
        "transitions": true,
        "transition_list": [
          "discovering", "discovered"
	]
      }
    }
  }
}
